<application>
  <component name="ProjectManager">
    <defaultProject>
      <component name="PropertiesComponent">{}</component>
      <component name="WindowStateProjectService">
        <state x="880" y="90" width="800" height="725" key="new project wizard" timestamp="1745012963843">
          <screen x="0" y="0" width="2560" height="1032" />
        </state>
        <state x="880" y="90" width="800" height="725" key="new project wizard/0.0.2560.1032" timestamp="1745012963843" />
      </component>
    </defaultProject>
  </component>
</application>