<application>
  <component name="SettingsSyncSettings">
    <option name="disabledCategories">
      <list>
        <option value="UI" />
      </list>
    </option>
    <option name="disabledSubcategories">
      <map>
        <entry key="UI">
          <value>
            <list>
              <option value="editorFont" />
            </list>
          </value>
        </entry>
      </map>
    </option>
    <option name="migrationFromOldStorageChecked" value="true" />
    <option name="syncEnabled" value="true" />
  </component>
</application>