<application>
  <component name="DimensionService">
    <size key="GridCell.Tab.0.left.0.0.2560.1080" width="2478" height="298" />
    <size key="GridCell.Tab.0.center.0.0.2560.1080" width="2478" height="298" />
    <size key="GridCell.Tab.0.right.0.0.2560.1080" width="2478" height="298" />
    <size key="GridCell.Tab.0.bottom.0.0.2560.1080" width="2478" height="298" />
    <size key="GridCell.Tab.1.left.0.0.2560.1080" width="1196" height="265" />
    <size key="GridCell.Tab.1.center.0.0.2560.1080" width="1196" height="265" />
    <size key="GridCell.Tab.1.right.0.0.2560.1080" width="1196" height="265" />
    <size key="GridCell.Tab.1.bottom.0.0.2560.1080" width="1196" height="265" />
  </component>
  <component name="WindowManager">
    <frame x="-8" y="-8" width="2576" height="1048" extendedState="6" />
  </component>
  <component name="WindowStateApplicationService">
    <state x="872" y="148" key="#com.intellij.openapi.updateSettings.impl.PluginUpdateInfoDialog" timestamp="1745012726658">
      <screen x="0" y="0" width="2560" height="1032" />
    </state>
    <state x="872" y="148" key="#com.intellij.openapi.updateSettings.impl.PluginUpdateInfoDialog/0.0.2560.1032" timestamp="1745012726658" />
    <state x="1280" y="452" width="800" height="650" key="WELCOME_SCREEN" timestamp="1745012921223">
      <screen x="0" y="0" width="2560" height="1032" />
    </state>
    <state x="1280" y="452" width="800" height="650" key="WELCOME_SCREEN/0.0.2560.1032" timestamp="1745012921223" />
    <state x="880" y="90" width="800" height="725" key="new project wizard" timestamp="1743956999770">
      <screen x="0" y="0" width="2560" height="1032" />
    </state>
    <state x="880" y="90" width="800" height="725" key="new project wizard/0.0.2560.1032" timestamp="1743956999770" />
  </component>
</application>